PersonID,SeriousDlqin2yrs,RevolvingUtilizationOfUnsecuredLines,age,zipcode,NumberOfTime30-59DaysPastDueNotWorse,DebtRatio,MonthlyIncome,NumberOfOpenCreditLinesAndLoans,NumberOfTimes90DaysLate,NumberRealEstateLoansOrLines,NumberOfTime60-89DaysPastDueNotWorse,NumberOfDependents
98976,0,0.9999999,55,60601,0,505,0,2,0,0,0,0
98991,0,0.547745225,71,60601,0,0.45956469,15666,7,0,2,0,0
99012,0,0.044280207,51,60601,0,0.014520352,4200,5,0,0,0,0
99023,0,0.914249294,55,60601,4,0.794874627,9052,12,0,3,0,0
99027,0,0.02659867,45,60601,0,0.049966369,10406,4,0,0,0,2
99033,0,0.142230692,57,60601,0,0.015332198,13500,6,0,0,0,0
99044,0,0.047600659,48,60601,0,0.474609375,3583,13,0,1,0,1
99048,0,0.022141276,34,60601,0,0.003332099,2700,2,0,0,0,1
99056,0,0.241805016,30,60601,0,0.864451632,3400,13,0,1,0,1
99058,0,0.036181472,71,60601,0,0.568798258,5050,16,0,2,0,0
99062,0,0,50,60601,0,0.541984733,2750,6,0,1,0,0
99104,0,0,26,60601,0,0,2901,2,0,0,0,0
99105,0,0.007720507,64,60601,0,0.606957217,2500,12,0,1,0,0
99145,0,0.549206628,61,60601,0,2107,,8,0,2,0,1
99147,0,0.183321112,39,60601,0,775,,4,0,0,0,0
99176,0,0,66,60601,0,0,3393,3,0,0,0,0
99193,0,0.9999999,32,60601,0,0.388189987,3894,3,0,1,0,2
99200,0,0.056328581,64,60601,0,0.01533163,9000,7,0,0,0,0
99206,0,0.828018468,45,60601,0,0.660603113,10279,9,0,2,0,4
99217,0,0.029996908,76,60601,0,0.003635537,4400,7,0,0,0,0
99218,0,0.607678538,73,60601,0,0.316967617,6700,8,0,2,1,0
99224,0,0.099190081,41,60601,0,0.4452,4999,7,0,2,0,0
99233,0,0.019668694,60,60601,0,0.281565791,9400,16,0,2,0,1
99238,0,0.001097093,43,60601,0,0.29613407,5250,8,0,1,0,0
99246,0,0.36535386,45,60601,1,0.277836598,11333,18,0,3,0,2
99249,0,0.325002927,56,60601,0,0.943579489,7000,7,0,2,0,2
99262,0,0.9999999,73,60601,0,0.812551953,2405,3,0,1,0,0
99267,0,0.018174207,63,60601,0,45,,4,0,0,0,0
99271,0,0.125350795,34,60601,0,0.926029588,2500,5,0,2,0,0
99284,0,0,39,60601,0,0.440095994,5416,6,0,2,0,2
99289,0,0.9999999,30,60601,0,0.815092454,2000,3,0,1,0,1
99300,0,0,72,60601,0,69,,6,0,0,0,0
99302,0,0.00720612,67,60601,0,11279,,10,0,4,0,0
99311,0,0.046263582,35,60601,1,518,,8,0,0,0,0
99315,0,0.02018697,47,60601,0,2.228739003,3068,16,0,4,0,0
99323,0,0,32,60601,0,0,3360,3,0,0,0,1
99371,0,0.026069161,49,60601,0,0.666344138,6200,10,0,2,0,2
99375,0,0.010159187,64,60601,2,2804,,11,0,1,0,0
99378,0,0.133801319,55,60601,0,0.037520236,10500,10,0,0,0,0
99411,0,0.05331327,52,60601,0,0.191121776,8334,6,0,1,0,0
99415,0,0.041988022,62,60601,0,0.413062409,3444,11,0,2,0,1
99417,0,0.253186946,56,60601,0,0.720537617,6100,11,0,2,0,0
99422,0,4.00E-05,56,60601,0,0.403935032,15145,6,0,4,0,0
99424,0,0.027881093,70,60601,0,0.421020093,3234,17,0,1,0,1
99432,0,0.455140442,33,60601,0,671,,5,0,0,0,1
99457,0,0.017736375,48,60601,0,489,,5,0,0,0,
99458,0,0.040805297,57,60601,0,0.251523901,3116,3,0,1,0,0
99465,0,0.122555158,48,60601,0,2651,,14,0,2,0,0
99469,0,0.017899494,49,60601,0,0.356264374,10000,13,0,2,0,0
99471,0,0.887056472,24,60601,0,0.043978011,2000,3,0,0,0,0
99479,0,0.9999999,52,60601,1,0.214447978,2200,2,1,0,0,0
99485,0,0.006477852,64,60601,0,0.175743225,3800,5,0,0,0,0
99503,0,0.023764943,40,60601,0,0.386568945,5866,9,0,2,0,1
99515,0,0.010704329,73,60601,0,0.002161928,9250,10,0,0,0,0
99525,0,0.019736323,52,60601,0,0.150284572,6500,9,0,1,0,0
99527,0,0.085054331,56,60601,3,7708,,20,0,10,0,0
99541,0,0.408157007,54,60601,0,0.393989983,9583,15,0,1,0,0
99549,0,0.695260948,30,60601,0,0.186932849,550,2,0,0,0,0
99566,0,0.548679398,35,60601,0,0.46102284,12083,10,0,2,0,4
99574,0,0.085420436,72,60601,0,0.285164835,7279,15,0,1,0,0
99597,0,0,49,60601,0,0.158897321,6456,4,0,1,0,3
99602,0,0.190131667,50,60601,0,0.015972974,237400,10,0,2,0,3
99621,0,0.447085654,33,60601,0,0.122529644,6830,8,0,0,0,1
99634,0,0.314503254,43,60601,0,0.302126886,5500,7,0,1,0,3
99642,0,0.015174929,79,60601,0,0.093720837,7500,14,0,1,0,0
99646,0,0.004329488,69,60601,0,1525,,8,0,1,0,
99650,0,0.048090658,61,60601,1,0.195972004,7000,7,0,1,0,8
99673,0,0.545779836,28,60601,0,77,,2,0,0,0,0
99683,0,0,51,60601,0,0,,1,0,0,0,0
99722,0,0.002896096,83,60601,0,0.446605037,3136,6,0,1,0,1
99749,0,0.539518481,62,60601,0,1.242348532,1600,10,0,1,0,0
99759,0,0.168838252,37,60601,0,0.723138431,2000,4,0,1,0,2
99760,0,0.013857987,75,60601,0,0.163870681,9000,9,0,1,0,0
99769,0,0.118036748,49,60601,1,0.114760014,2770,5,0,0,0,1
99773,0,0,45,60601,0,0.188721289,5833,6,0,1,0,3
99781,0,0.022047269,64,60601,0,0.179836134,7200,6,0,1,0,1
99789,0,0.398111899,64,60601,0,2580,,7,0,2,0,0
99797,0,0.836014517,41,60601,1,0.148932995,6700,11,0,0,0,0
99805,0,0.662161271,51,60601,0,0.772756342,4690,9,0,2,0,1
99818,0,0.008077735,78,60601,0,0.001714122,10500,12,0,0,0,0
99820,0,0.003846006,59,60601,0,0.185109489,6849,3,0,1,0,0
99826,0,0.049067403,67,60601,0,0.732110752,2780,13,0,2,0,0
99832,0,0.078687912,32,60601,0,560,,7,0,0,0,0
99841,0,0,56,60601,0,0.738840773,1500,3,0,1,0,1
99869,0,0.045380875,61,60601,0,2676,,7,0,2,0,0
99899,0,0.273003587,41,60601,0,0.444740701,7500,8,0,2,0,0
99914,0,0.062837487,65,60601,0,0.393318147,5267,10,0,1,0,0
99926,0,0.04214579,60,60601,0,0.306849645,16613,12,0,1,0,1
99931,0,0.028918867,42,60601,0,0.38223111,7000,5,0,1,0,0
99949,0,0.080894814,33,60601,0,0.138413686,4500,7,0,0,0,2
99951,0,0.9999999,80,60601,0,0,,4,0,0,0,
99958,0,0.002460828,65,60601,0,0.252077172,7100,19,0,1,0,0
99960,0,0.018184056,37,60601,0,0.439056094,10000,6,0,1,0,1
99968,0,0.877215013,54,60601,5,2020,,12,0,1,0,1
99973,0,0.044923877,65,60601,0,1.054518072,3319,8,0,2,0,0
99977,0,0.004008057,64,60601,0,0.222166667,5999,19,0,1,0,0
99981,0,0,40,60601,0,0.903654485,300,6,0,0,0,3
99987,0,0,64,60601,0,200,,3,0,1,0,
99993,0,0.001952646,59,60601,0,0.001142748,10500,13,0,0,0,0
99996,0,0.558444392,40,60601,0,3034,,8,0,2,0,0
99999,0,0.087245638,44,60601,0,0.305138972,5000,5,0,2,0,2
100002,0,0.043495228,79,60601,0,0.269365317,4001,7,0,1,0,0
100003,0,0.854723182,47,60601,0,0.855018587,5379,22,0,3,0,3
100015,0,0.988167653,27,60601,0,3934,,7,0,2,0,3
100036,0,0.954045954,24,60601,0,28,0,1,1,0,0,0
100067,0,0.47690614,45,60601,0,0.460764436,13316,16,0,2,0,1
100072,0,0.686517888,65,60601,0,0.52173913,1241,8,0,0,0,0
100079,0,0.566178687,58,60601,0,0.870578327,3561,15,0,4,0,0
100080,0,0.087119555,71,60601,0,41,,5,0,0,0,0
100100,0,0.836560893,47,60601,0,0.480676793,5200,13,0,0,0,4
100101,0,0.063058773,64,60601,0,2047,,10,0,1,0,0
100119,0,0.417872773,53,60601,1,0.635373847,9000,19,0,4,0,0
100121,0,0.629024732,38,60601,0,0.233591521,4905,7,0,0,1,1
100123,0,0.012180268,77,60601,0,1267,,6,0,1,0,0
100132,0,0.012132126,49,60601,0,1.874779541,1700,14,0,2,0,0
100142,0,0.131096256,60,60601,0,0.279103686,7541,15,0,2,0,0
100144,0,0.855725771,40,60601,0,0.215643991,5100,6,0,0,0,0
100162,0,0.975155757,45,60601,0,0.426044299,6726,6,0,2,0,2
100166,0,0.157496063,75,60601,0,0.565716159,3050,10,0,1,0,0
100171,0,0.342996643,62,60601,0,0.780367232,1415,11,0,1,0,0
100179,0,0.044551549,57,60601,0,0.359228888,6950,15,0,2,0,2
100180,0,0.003574392,51,60601,0,0.322853016,9000,6,0,1,0,2
100195,0,0,56,60601,0,0.137226628,4160,3,0,1,0,0
100221,0,0.056217847,73,60601,0,0.253763441,8834,14,0,2,0,0
100223,0,0.02879808,30,60601,0,0.087445347,1600,3,0,0,0,0
100225,0,0,46,60601,0,267,,5,0,0,0,0
100238,0,0.000506557,74,60601,0,1.328903654,300,15,0,0,0,0
100247,0,0.061434649,63,60601,0,0.120413757,11310,6,0,1,0,0
100248,0,0.097419335,53,60601,0,0.333729964,14286,10,0,3,0,2
100250,0,0.236160981,40,60601,0,0.382927665,5833,9,0,1,0,3
100269,0,0.020285187,81,60601,0,0.007919366,4166,7,0,0,0,0
100275,0,0.198670118,53,60601,0,0.439719739,12416,11,0,3,0,0
100303,0,0.28615272,45,60601,0,0.522843535,5668,14,0,2,0,4
100312,0,0.284888993,52,60601,1,0.396060394,10000,11,0,2,0,3
100336,0,0.323597818,55,60601,0,0.226846644,5333,16,0,0,0,0
100337,0,0.916615946,37,60601,0,0.213511259,3596,13,0,0,0,0
100386,0,0.10826726,36,60601,0,0.239875389,9950,16,0,2,0,2
100390,0,0.009797306,61,60601,2,0.031989337,3000,24,0,0,0,0
100392,0,0.018398773,56,60601,0,6814,,8,0,2,0,0
100395,0,0.949405059,44,60601,4,0.265024734,9500,6,0,2,0,3
100401,0,0.093076107,36,60601,0,0.378128214,5833,5,0,1,0,2
100402,0,0,60,60601,0,2101,,8,0,2,0,0
100434,0,0.035135831,41,60601,0,0.380711302,7900,9,0,2,0,1
100444,0,0.41174353,66,60601,0,1.407636739,968,11,0,1,0,0
100464,0,0.699493652,51,60601,0,1.351571268,3563,20,0,2,0,2
100473,0,0.001933269,51,60601,0,0.381904524,4000,4,0,1,0,0
100479,0,0.015636764,50,60601,1,0.19220195,4000,8,0,0,0,1
100485,0,0.125317052,57,60601,0,0.028796709,5833,11,0,0,0,0
100487,0,0.590771529,51,60601,1,2.796734422,3000,22,0,4,0,4
100519,0,0.404643606,56,60601,0,0.380067568,13615,12,0,2,0,2
100529,0,0.9999999,21,60601,0,0,,1,0,0,0,
100594,0,0,26,60601,0,0.038712687,2143,5,0,0,0,0
100602,0,0.155844156,30,60601,0,0.376956794,1596,6,0,0,0,1
100606,0,0.642631302,39,60601,1,535,,10,0,0,0,0
100614,0,0.474910663,50,60601,0,0.501430615,2795,6,0,2,0,1
100619,0,0.883468965,67,60601,0,0.342360676,12775,11,0,2,0,1
100621,0,0.978553909,63,60601,0,1.208422555,1400,4,0,0,0,0
100622,0,0,23,60601,0,0,,2,0,0,0,0
100632,0,0.027335322,57,60601,0,2307,0,16,0,1,0,0
100645,0,1.00543716,33,60601,0,1075,,6,0,0,0,3
100646,0,0.187101612,56,60601,0,0.006852515,6420,5,0,0,0,3
100663,0,0.024805813,55,60601,0,0.107875811,5700,8,0,1,0,0
100677,0,0.194457742,34,60601,0,0.838808251,1308,11,0,2,0,2
100686,0,0.105946111,29,60601,0,0.691525979,6100,8,0,3,0,0
100695,0,0.043697815,77,60601,0,0.026789284,2500,8,0,0,0,0
100703,0,0.100199859,53,60601,0,0.045387167,14166,19,0,0,0,1
100710,0,0.029115968,55,60601,0,0.297070293,10000,17,0,2,0,1
100723,0,0.393887461,35,60601,1,748,,3,0,1,0,0
100725,0,0.001339064,45,60601,0,0.000105252,9500,7,0,0,0,0
100727,0,0.236750779,36,60601,0,0.21349518,2800,7,0,0,0,0
100729,0,0.9999999,51,60601,0,0.012395042,2500,1,0,0,0,0
100739,0,0.013113313,53,60601,0,0.204960836,3829,5,0,2,0,0
100761,0,1.121243938,29,60601,1,0.174206448,4000,2,1,0,0,0
100769,0,0.113118499,69,60601,0,0.581913499,1525,10,0,0,0,0
100771,0,0.9999999,57,60601,0,1.206144337,5500,2,0,1,0,2
100777,0,0.166832515,58,60601,0,0.397877984,7916,10,0,2,0,1
100788,0,0.828428588,84,60601,0,1.452845205,2512,8,0,0,0,0
100794,0,0.448646174,43,60601,0,0.2173417,1752,4,0,0,0,0
100805,0,0.063077188,36,60601,0,3662,,10,0,1,0,1
100807,0,0.037749476,83,60601,0,0.052975144,3982,15,0,0,0,0
100813,0,0.9999999,46,60601,0,0.164147695,5226,3,0,1,0,1
100816,0,0.106788026,50,60601,0,611,,10,0,0,0,0
100830,0,0.291878763,58,60601,0,0.518952447,1450,8,0,0,0,0
100837,0,0.632259112,77,60601,0,0.474204947,4244,11,0,1,0,0
100853,0,0.9999999,84,60601,0,0,,5,0,0,0,0
100855,0,0,35,60601,0,0.223101858,16041,7,0,1,0,1
100873,0,0.00504682,79,60601,0,0.013409962,1565,21,0,0,0,0
100886,0,0.01003946,56,60601,0,2977,,13,0,2,0,0
100890,0,0.669950739,50,60601,2,0.589965398,5201,12,0,2,2,2
100903,0,0.671719895,59,60601,1,0.680131987,10000,18,0,2,0,2
100914,0,0.517804693,34,60601,0,0.154316187,9000,9,0,1,0,1
100930,0,0.031687043,57,60601,0,0.005186089,9833,4,0,0,0,1
100949,0,0,55,60601,0,0.467616852,4770,8,0,2,0,0
100953,0,0.014507008,91,60601,0,7,,1,0,0,0,
100972,0,0.01284566,64,60601,0,0.207745738,4750,3,0,1,0,1
100978,0,0.007499625,53,60601,0,1587,,7,0,2,0,0
100980,0,0.152092721,51,60601,0,0.326749573,4100,6,0,1,0,2
100990,0,0.098976208,40,60601,0,0.244177841,4250,10,0,1,0,0
101003,0,0.499933588,54,60601,1,0.328222532,16500,8,0,2,0,3
101004,0,0.059936027,45,60601,0,0.009498417,6000,2,0,0,0,2
101015,0,0.362685577,36,60601,0,0.247596667,4680,8,0,0,0,0
101018,0,0.9999999,46,60601,0,0.312488638,5500,6,0,2,0,0
101032,0,0.160517867,55,60601,0,0.23723627,6208,5,0,2,0,0
101044,0,0.663885973,53,60601,1,1346,,7,0,1,0,0
101086,0,0.012553429,63,60601,0,0.018392643,2500,10,0,0,0,0
101094,0,0.126581025,64,60601,0,0.216851097,5150,15,0,1,0,1
101097,0,0,42,60601,2,0.460207612,2600,6,1,1,1,2
101107,0,0.050345911,52,60601,0,1569,,10,0,2,0,0
101111,0,0.006340043,75,60601,0,0.197160568,5000,10,0,2,0,0
101129,0,0.188074363,45,60601,0,0.316005874,6809,16,0,2,0,0
101132,0,0.070670869,57,60601,0,1867,,8,0,1,0,
101148,0,0.439718676,53,60601,0,0.534913517,1560,5,0,1,0,0
101163,0,1.019981835,42,60601,4,0.132698118,4302,8,0,0,0,1
101176,0,0.263886978,73,60601,0,0.216594469,3000,8,0,1,0,0
101180,0,0.096537644,68,60601,0,0.430909516,4276,6,0,2,0,0
101210,0,0.53439132,66,60601,1,0.464564565,3329,9,0,0,0,0
101217,0,0.04219578,57,60601,0,1786,,10,0,2,0,0
101233,0,0.116315469,44,60601,0,0.334937629,10180,7,0,2,0,3
101250,0,0.030631619,64,60601,0,1.044129892,1200,3,0,1,0,0
101253,0,0.668669775,40,60601,1,0.423838463,5100,7,0,1,0,2
101255,0,0.439579616,59,60601,0,0.756109482,2045,10,0,1,0,0
101261,0,0.502021133,47,60601,1,0.543497364,2275,9,0,0,0,2
101272,0,0.219958645,51,60601,0,0.470816148,8000,12,0,3,0,0
101277,0,0.04062774,49,60601,0,0.201849769,8000,9,0,2,0,3
101283,0,1.00742751,43,60601,0,0.536492701,5000,7,0,1,0,1
101296,0,0.512778795,49,60601,1,0.25905718,18327,11,0,1,0,3
101312,0,0.037686598,52,60601,1,0.187230175,4400,21,0,1,0,0
101327,0,0.019556245,53,60601,0,0.213841868,4666,15,0,1,0,0
101330,0,0.126072916,41,60601,0,0.49214277,8208,8,0,2,0,3
101357,0,0.270416695,59,60601,0,2164,,9,0,1,0,1
101358,0,0.483047197,40,60601,0,0.389624426,3700,11,0,0,0,2
101360,0,0.118058811,85,60601,0,112,,4,0,0,0,0
101361,0,0.078864038,60,60601,0,0.321226258,3000,4,0,1,0,0
101371,0,0.181882153,42,60601,1,0.403617325,2100,8,1,1,1,1
101379,0,0.01521679,41,60601,0,0.236357435,5863,7,0,2,0,3
101383,0,0.006803788,76,60601,0,0.129721762,5426,10,0,0,0,0
101385,0,0,27,60601,0,0.863560732,600,5,0,0,0,0
101409,0,0.019455253,65,60601,0,0.00259948,5000,4,0,0,0,0
101433,0,0.854921129,45,60601,2,0.195070792,3813,11,0,0,1,3
101448,0,0.026664889,38,60601,0,0.237840154,14000,7,0,2,0,2
101449,0,0.376566801,40,60601,0,4212,,9,0,1,0,3
101460,0,0.073994442,62,60601,0,0.330797653,4600,9,0,2,0,1
101469,0,0.072866427,57,60601,0,0.217710654,12116,10,0,3,0,0
101502,0,0.098828723,39,60601,0,0.251961237,6500,9,0,1,0,3
101516,0,0.237170101,42,60601,0,0.222081886,9500,5,0,1,0,2
101533,0,0.02010836,58,60601,0,0.286350537,7633,7,0,2,0,3
101563,0,0.593316932,55,60601,0,0.39321608,19103,10,0,2,0,1
101571,0,0.134360583,54,60601,0,2452,,10,0,1,0,0
101576,0,0.024448189,62,60601,0,0.028766455,2050,6,0,0,0,1
101583,0,1.024765421,64,60601,3,0.452886248,2355,8,0,1,0,0
101623,0,0.539585611,49,60601,2,0.46336,6249,11,0,2,0,0
101635,0,0.961321547,43,60601,0,2387,,2,0,1,0,2
101658,0,0.001212121,62,60601,0,1116,0,13,0,1,0,0
101669,0,0.06514261,38,60601,1,0.277918323,8300,11,0,1,0,0
101674,0,0.665333524,30,60601,1,0.399720056,5000,7,0,1,1,0
101693,0,0.406711539,49,60601,2,0.675505325,4600,19,0,2,0,1
101704,0,0.062187562,70,60601,0,0.019490255,2000,5,0,0,0,0
101722,0,0.12034384,68,60601,0,1451,,8,0,2,0,0
101723,0,0.001708807,55,60601,0,1723,,5,0,1,0,0
101727,0,0.033368373,42,60601,0,0.155487805,3279,7,0,0,0,0
101743,0,0.844624251,46,60601,0,0.128443468,5916,8,0,0,0,0
101754,0,0.024731,75,60601,0,0.692393115,1800,7,0,1,0,0
101758,0,0.107933609,62,60601,0,5362,,14,0,5,0,0
101763,0,0.007194245,22,60601,0,0,,1,0,0,0,
101764,0,0.54162696,46,60601,0,0.493619261,7600,11,0,1,0,0
101776,0,0,66,60601,0,0.124326204,5750,7,0,1,0,0
101789,0,0.001226007,40,60601,0,0,4500,2,0,0,0,2
101807,0,0.031761803,28,60601,1,262.5,1,12,0,0,0,2
101823,0,0,43,60601,0,0.25094697,11615,6,0,2,0,2
101828,0,0.936176596,46,60601,0,0.271954674,6000,2,0,0,0,1
101833,0,0.081151194,63,60601,0,0.280445372,7184,15,0,1,0,0
101836,0,0.534208411,47,60601,0,0.649671806,6550,9,0,3,0,2
101846,0,0.621061435,50,60601,0,0.42466645,6145,9,0,2,0,2
101848,0,0.001939335,81,60601,0,12,,3,0,0,0,
101849,0,0.068484287,65,60601,0,0.427697359,6700,11,0,1,0,0
101856,0,0.145198116,30,60601,0,0.337009263,6800,10,0,1,0,1
101861,0,0.270851984,73,60601,0,0.324512376,8766,22,0,2,0,0
101877,0,0.9999999,36,60601,0,2054,,3,0,1,0,0
101883,0,0.52358504,38,60601,1,0.924632353,2175,10,0,1,0,2
101912,0,0,54,60601,0,2763,,5,0,1,0,0
101934,0,0.0098044,52,60601,0,6,,2,0,0,0,
101935,0,0.016931076,58,60601,0,118,,4,0,0,0,0
101940,0,0.059685466,48,60601,0,0.34803574,7050,12,0,1,0,1
101942,0,0.536734587,62,60601,1,3121,,11,0,1,0,0
101954,0,0.411772856,68,60601,0,0.876830775,5666,11,0,2,1,0
101972,0,0.01674515,67,60601,0,0.1137509,4166,8,0,1,0,0
101974,0,0.047710428,68,60601,0,267,,8,0,1,0,0
101982,0,0.024849137,63,60601,0,0.011644419,3520,8,0,0,0,0
101991,0,0.016518622,66,60601,1,0.18441358,5183,7,0,1,1,0
102006,0,0.025859723,72,60601,0,0.19350538,10500,18,0,1,0,0
102008,0,0.520282187,39,60601,0,0.003999333,6000,4,0,0,0,1
102036,0,0.582955157,38,60601,0,0.706102966,2932,4,0,1,0,0
102037,0,0.878476586,34,60601,0,0.341897952,8250,10,0,1,0,3
102053,0,0.9999999,43,60601,0,0.27518188,13332,8,0,2,0,3
102054,0,0.004902349,69,60601,0,0.00195474,13300,19,0,0,0,0
102055,0,0.089676413,35,60601,0,0.210866057,5576,2,0,1,0,0
102066,0,0.003212483,77,60601,0,781,,4,0,1,0,
102071,0,0.040307447,67,60601,0,0.038301415,1200,7,0,0,0,0
102074,0,0.855314187,63,60601,0,0.766361921,6890,11,0,4,0,2
102086,0,0.275729557,57,60601,0,0.198464123,4166,12,0,0,0,1
102088,0,0.584483103,27,60601,0,0.889136668,3138,13,0,2,0,0
102090,0,0.013642614,76,60601,0,0.005998286,3500,7,0,0,0,0
102102,0,0.035202478,55,60601,0,0.203277703,6650,7,0,1,0,0
102104,0,0,91,60601,0,0,,3,0,0,0,0
102111,0,0.074421039,75,60601,0,0.136748193,6500,4,0,1,0,0
102112,0,0.034304232,54,60601,0,2650,,10,0,1,0,0
102117,0,0.048563106,68,60601,0,0.271939569,4500,3,0,1,0,0
102128,0,0.056147193,76,60601,0,0.39833449,1440,3,0,2,0,1
102134,0,0.143981789,50,60601,0,0.428047663,12000,12,0,2,0,3
102143,0,0.366185701,54,60601,0,0.756097561,3771,11,0,1,0,1
102147,0,0,62,60601,0,0.252803675,7400,6,0,2,0,1
102168,0,0.572363422,40,60601,1,1.202771017,5340,8,1,5,0,1
102169,0,0.164394098,44,60601,2,0.317248734,3750,6,0,1,0,0
102172,0,0.011093038,34,60601,0,0.164753795,2700,5,0,0,0,2
102185,0,0.884717991,79,60601,0,0.51442704,6064,6,0,1,0,0
102187,0,0.254421806,65,60601,0,0.465842311,8167,12,0,4,0,0
102194,0,0.003231756,56,60601,0,0.669628971,4500,15,0,2,0,0
102198,0,0.475196724,65,60601,0,4293,,11,0,1,0,0
102199,0,0,43,60601,0,0.256885738,11000,6,0,1,0,2
102214,0,0.555777746,58,60601,0,0.216912388,5900,2,0,1,0,2
102227,0,0.169248784,37,60601,1,0.082628852,3666,9,0,0,0,0
102229,0,0.186704497,45,60601,0,0.675550817,5627,15,0,2,0,1
102237,0,0.040275168,90,60601,0,0.195018548,5660,12,0,2,1,0
102267,0,0.9999999,39,60601,4,0.959872017,7500,7,0,4,1,2
102310,0,0.538804707,50,60601,0,1595,,4,0,1,0,0
102311,0,0.013550825,65,60601,0,0.281365624,11891,13,0,1,0,0
102312,0,0.138897496,60,60601,0,440,,9,0,0,0,0
102318,0,0.526434441,31,60601,0,0.074611399,2894,3,0,0,0,0
102335,0,0.025618678,80,60601,0,0.005998909,5500,3,0,0,0,0
102346,0,0.441167264,65,60601,3,5487,,15,1,2,0,0
102349,0,0.05997133,67,60601,0,1712,,9,0,1,0,0
102351,0,0.578850125,31,60601,0,0.340034284,6416,6,0,1,0,0
102361,0,0.131776655,59,60601,0,0.151182722,8750,9,0,1,0,0
102374,0,0.177484442,46,60601,1,0.229567643,7169,9,0,1,0,0
102395,0,0,58,60601,0,0.201658132,4100,9,0,1,0,0
102396,0,0.12332938,43,60601,0,1908,,6,0,1,0,0
102399,0,0.098412652,57,60601,0,0.45944791,11700,13,0,7,0,1
102435,0,0.052834752,67,60601,0,0.073616335,3721,6,0,0,0,0
102437,0,0.862051372,49,60601,4,0.807024122,8000,11,0,2,1,0
102441,0,0.140379651,64,60601,0,1730,,14,0,0,0,1
102460,0,0.873887891,62,60601,0,0.496080627,6250,13,0,2,0,0
102464,0,0.009331688,55,60601,0,0.095798736,8068,15,0,1,0,0
102478,0,0.079095316,80,60601,0,0.46406179,11004,15,0,3,0,0
102479,0,0.035742673,74,60601,0,1626,,10,0,1,0,
102488,0,0.524720893,27,60601,0,0.035545682,3600,4,0,0,0,1
102490,0,0.802560639,53,60601,0,1.270956165,3900,15,0,2,0,1
102498,0,0.044341746,42,60601,0,1585,,7,0,1,0,0
102506,0,0.609233581,58,60601,0,0.216660953,5833,7,0,0,0,1
102510,0,0.065846708,39,60601,0,0.194417238,8167,4,0,1,0,4
102537,0,0.070237124,46,60601,0,0.353740664,8166,10,0,1,0,0
102551,0,0.049969456,40,60601,0,0.470786927,10953,12,0,4,0,3
102553,0,0.396748205,55,60601,0,0.349777481,55500,19,0,7,0,0
102563,0,0.230753849,80,60601,0,0.184731631,3837,4,0,1,0,0
102572,0,0.0021018,72,60601,0,1.302567661,1440,12,0,1,0,0
102575,0,0.026544712,59,60601,0,480,,15,0,1,0,0
102576,0,0.256832512,52,60601,0,0.276074151,11543,15,0,1,0,0
102584,0,0.176251781,52,60601,0,0.126822765,12000,10,0,1,0,0
102597,0,0.136074557,51,60601,0,0.309743362,9000,13,0,2,0,1
102601,0,0.957980438,45,60601,0,809,,6,0,0,0,0
102607,0,0.00094283,61,60601,0,71,,6,0,0,0,
102693,0,1.180673825,26,60601,1,0.121875744,4200,6,0,0,1,2
102698,0,0.041118355,65,60601,0,30,,2,0,0,0,
102717,0,0.101949911,61,60601,0,0.297175706,4000,6,0,1,0,2
102725,0,0.095220866,32,60601,0,85,,7,0,0,0,0
102728,0,0.323541366,54,60601,0,1970,,11,0,1,0,2
102739,0,0.009878245,78,60601,0,0.92526017,3170,13,0,2,0,0
102741,0,0.396862021,41,60601,2,560,,7,1,0,0,0
102780,0,0.006315568,78,60601,0,10,,9,0,0,0,0
102785,0,0.033474163,61,60601,0,1740,,13,0,1,0,0
102800,0,0.683154456,78,60601,0,0.448579545,3519,4,0,1,0,0
102803,0,0.268881776,51,60601,0,0.074316378,13603,9,0,1,0,1
102820,0,0,55,60601,0,0.340694006,6339,7,0,1,0,0
102823,0,0.002256381,63,60601,0,0.00059997,6666,9,0,0,0,0
102837,0,0.339571648,42,60601,0,0.664015627,7166,8,0,1,0,3
102841,0,0.023644492,58,60601,0,0.357785656,11000,14,0,2,0,0
102843,0,0.073607231,36,60601,0,0.531963001,4864,11,0,2,0,0
102852,0,0.714245136,59,60601,0,0.288058571,3960,3,0,1,0,0
102881,0,0.06875725,38,60601,0,0.323434561,7441,9,0,2,0,1
102886,0,0.040497107,30,60601,0,17,,1,0,0,0,
102904,0,0.168823954,48,60601,0,0.179656253,9250,3,0,1,0,0
102910,0,0.027029257,38,60601,1,0.206728138,23750,4,0,1,0,2
102917,0,0.032988023,75,60601,0,0.005683924,8092,5,0,0,0,0
102918,0,0.04104725,50,60601,0,0.273550153,9500,9,0,1,0,1
102933,0,0.813656646,63,60601,1,0.1224,14999,8,0,0,0,2
102935,0,0.087004088,55,60601,0,0.509640795,10216,12,0,3,0,1
102942,0,0.104689298,54,60601,0,0.036960647,12120,24,0,0,1,0
102944,0,0.580347462,72,60601,0,0.482451404,3703,7,0,1,0,1
102946,0,0.157426748,68,60601,0,0.420166539,27500,21,0,3,0,2
102950,0,0.180326655,33,60601,0,0.11109474,6786,5,0,0,0,0
102953,0,0.258158396,61,60601,0,0.146084924,7700,12,0,1,0,1
102970,0,0,67,60601,0,1031,,8,0,1,0,0
102975,0,0.9999999,26,60601,0,0.175216522,1500,4,3,0,0,0
102980,0,0.037977623,55,60601,0,0.592309529,4186,12,0,2,0,0
102982,0,0.861904603,47,60601,0,0.609181141,5641,15,0,2,0,0
102996,0,0,65,60601,0,0,400,5,0,0,0,0
103018,0,0.988354399,51,60601,0,0.869532617,4000,9,0,2,0,2
103019,0,0.200605679,54,60601,0,0.781983346,5283,9,0,2,0,1
103038,0,0.043973901,63,60601,0,0.130760819,6400,6,0,1,0,1
103044,0,0.679333058,64,60601,0,0.947238886,6500,11,0,5,0,0
103060,0,0.124712156,40,60601,0,0.272690924,2500,4,0,0,0,0
103063,0,0.020628866,76,60601,0,16,,1,0,0,0,0
103105,0,0.288210109,65,60601,0,0.074981255,4000,3,0,0,0,0
103108,0,0.050911364,65,60601,0,0.189101362,8000,10,0,1,0,0
103122,0,0.07106246,72,60601,0,884,,7,0,1,0,0
103136,0,0.069203325,68,60601,0,0.420616905,7488,13,0,1,0,3
103140,0,0.587130149,67,60601,0,0.765942778,2900,13,0,1,0,0
103142,0,0.501396424,29,60601,0,0.974177426,2400,7,0,1,0,2
103153,0,0.292707293,21,60601,0,8,0,2,0,0,0,0
103181,0,0.597278264,59,60601,0,1.057222787,3931,14,0,1,0,0
103193,0,0.218855346,62,60601,0,0.262969879,12316,9,0,2,0,0
103224,0,0.005272248,50,60601,0,0.355327049,3500,7,0,1,0,3
103246,0,0.062375005,37,60601,0,0.045661593,9000,4,0,0,0,1
103296,0,0.033451646,79,60601,0,1103,,8,0,0,0,0
103303,0,0.662266209,50,60601,0,0.515053546,4948,10,0,1,0,0
103311,0,0.479262892,39,60601,0,0.274680785,3210,7,0,0,0,1
103341,0,0.143466517,56,60601,0,0.627086614,9524,32,0,3,0,1
103348,0,0.385848125,61,60601,0,0.538852833,5700,20,0,1,0,0
103351,0,0.011347607,52,60601,0,0.39537812,13500,7,0,2,0,2
103358,0,0.9999999,25,60601,0,2,,0,0,0,0,
103390,0,0.548383876,46,60601,0,0.205784761,66000,19,0,2,0,1
103400,0,0.03338862,58,60601,0,0.289455202,9966,15,0,3,0,0
103402,0,0.114106553,78,60601,0,0.319386637,4564,7,0,2,0,0
103422,0,0.048093736,55,60601,0,0.603791697,4166,14,0,1,0,0
103425,0,0.397736265,65,60601,0,1.31984008,2000,13,0,0,0,0
103428,0,0,26,60601,0,0,,1,0,0,0,0
103447,0,0.02626956,70,60601,0,0.36393383,5500,5,0,2,0,1
103452,0,0.819159042,62,60601,0,0.388619015,4322,7,0,1,0,1
103457,0,0.003590495,77,60601,0,0.001249688,4000,7,0,0,0,0
103473,0,0.235860259,59,60601,0,0.105759429,3923,5,0,0,0,0
103474,0,0.003233226,75,60601,0,0.094885542,11750,6,0,1,0,1
103478,0,0.963461435,38,60601,0,0.351329734,5000,7,0,1,0,3
103505,0,0.060155831,38,60601,0,0.070727168,15580,6,0,0,0,1
103534,0,0.02521223,85,60601,0,0.008093805,9636,9,0,0,0,0
103536,0,0.03159842,57,60601,0,0.329445092,6000,6,0,2,0,0
103548,0,0.688118406,49,60601,0,0.367098865,7403,10,0,0,0,0
103549,0,0.028827748,47,60601,0,0.007199424,4166,8,0,0,0,0
103550,0,0.084744407,67,60601,1,0.628145387,2145,10,0,1,0,0
103556,0,0.309410193,37,60601,0,0.511516315,4167,11,0,1,0,0
103559,0,0,59,60601,0,1945,,6,0,3,0,0
103560,0,0.343760416,60,60601,0,3132,,9,0,2,0,0
103564,0,0.654690619,28,60601,0,0.035989717,3500,3,0,0,0,0
103579,0,0.029999291,81,60601,0,37,,3,0,0,0,0
103585,0,0.020403335,39,60601,1,0.410140443,4200,19,0,1,0,0
103601,0,0,31,60601,1,0.194046808,4400,10,0,0,0,1
103617,0,0.094106363,69,60601,0,1551,,10,0,1,0,0
103620,0,0,45,60601,0,3194,,7,0,2,0,
103622,0,0.02271057,63,60601,0,0.709548409,6000,9,0,3,0,0
103628,0,0.68239485,35,60601,0,0.29149078,4500,11,0,0,0,0
103635,0,0.45892338,52,60601,1,3032,,10,0,1,0,1
103640,0,0.069252868,36,60601,0,0.814268513,3321,9,0,1,0,2
103645,0,0.013128432,87,60601,0,14,,10,0,0,0,0
103653,0,0,52,60601,0,0,5800,5,0,0,0,0
103657,0,0.273658213,39,60601,0,0.064804739,8270,5,0,0,0,3
103674,0,0.175189607,43,60601,0,0.314414643,15733,18,0,2,0,2
103680,0,0.163609092,58,60601,0,0.021163139,6000,3,0,0,0,0
103683,0,0.212929764,62,60601,0,4645,,15,0,1,0,0
103692,0,0.481655199,37,60601,1,0.515853177,7600,8,0,2,0,2
103693,0,0.278512178,56,60601,0,0.403243724,4500,11,0,1,0,0
103695,0,0.087697077,67,60601,1,1781,,10,0,1,0,1
103705,0,0.382659375,53,60601,0,0.564194864,4166,13,0,1,0,1
103729,0,0.065550794,62,60601,0,0.097731239,4583,5,0,1,0,3
103734,0,0.341673983,62,60601,1,2297,,18,0,1,0,
103741,0,0.9999999,25,60601,0,0,2916,0,2,0,0,1
103770,0,0.263473054,24,60601,0,0.043304464,1500,3,0,0,0,0
103772,0,0.003146915,70,60601,0,0.243919388,4316,13,0,0,0,1
103783,0,0.943810862,45,60601,0,0.702574356,4000,9,0,2,0,0
103786,0,0.156456236,38,60601,0,0.156668319,4033,5,0,0,0,1
103797,0,0.03448157,32,60601,0,0.520953048,7134,5,0,2,0,2
103799,0,0.03972066,47,60601,0,0.48890222,5000,15,0,2,0,1
103807,0,0.059873559,72,60601,0,0.236381809,2000,3,0,1,0,0
103809,0,0.722543353,30,60601,0,0.86087198,3600,12,0,2,0,0
103832,0,0.257809019,36,60601,0,0.080768803,9000,4,0,0,0,2
103857,0,0.134197018,65,60601,0,0.359501738,3451,12,0,1,0,0
103888,0,0.025852608,45,60601,0,1374,,3,0,1,0,0
103895,0,0.092260516,66,60601,0,0.064205669,7584,3,0,0,0,0
103927,0,0.076401112,42,60601,0,0.546600158,3808,5,0,1,0,1
103932,0,0.079230732,61,60601,1,0.193100862,8000,6,0,1,0,0
103945,0,0.804260985,25,60601,0,18,0,1,0,0,0,0
103968,0,0.465820594,72,60601,0,413,,5,0,0,0,0
103973,0,0.134733844,39,60601,0,0.954161104,8987,5,0,1,0,0
103982,0,0.015214631,87,60601,1,0.055324113,6000,21,1,0,0,1
103985,0,0.905637745,38,60601,2,0.319437939,2134,7,2,0,0,2
103996,0,0.9999999,63,60601,0,0.204013925,42800,9,0,3,0,1
104043,0,0.006301649,68,60601,0,1419,,7,0,1,0,0
104061,0,4.96E-05,64,60601,0,0.239691504,16466,11,0,1,0,0
104064,0,0.918329738,39,60601,3,0.89601733,6000,9,0,1,0,0
104072,0,0.9999999,69,60601,0,1737,,2,0,1,0,0
104078,0,0.001963743,67,60601,0,0.072948328,6250,12,0,1,0,0
104104,0,0.950638031,54,60601,0,3905,,15,0,1,0,0
104113,0,0.124934702,69,60601,0,0.620475698,2900,14,0,2,0,0
104127,0,0.241983868,77,60601,0,0.024101763,4480,3,0,0,0,0
104134,0,0.053238651,80,60601,0,0.018958483,4166,7,0,0,0,1
104152,0,0.03433257,38,60601,0,0.288350634,2600,15,0,1,0,1
104153,0,1.062587483,41,60601,0,0.311562812,3000,3,0,0,0,0
104154,0,0.170080258,50,60601,0,0.220526379,8320,17,0,1,0,1
104165,0,0.22768501,42,60601,0,0.307570227,6300,10,0,1,0,1
104176,0,0.780230362,32,60601,1,0.255459563,8333,8,0,1,0,0
104189,0,1.01885935,39,60601,0,862,,7,0,1,0,
104194,0,0.064605989,72,60601,0,0.214598175,8000,6,0,2,0,0
104195,0,0.069958183,64,60601,0,103,,10,0,0,0,0
104232,0,0.9999999,55,60601,0,0.252071888,10738,4,0,2,0,0
104233,0,0,81,60601,0,0,,4,0,0,0,0
104234,0,0.005999875,50,60601,0,0.344850572,9000,12,0,2,0,0
104237,0,0.620754079,52,60601,0,3366,,9,0,1,0,0
104240,0,0.065144675,65,60601,0,82,,3,0,0,0,
104243,0,0.009203336,79,60601,0,0.001201442,9987,6,0,0,0,0
104256,0,0.211417836,37,60601,0,1.386355845,2916,12,0,2,0,1
104264,0,0.013244783,55,60601,0,293,,5,0,0,0,0
104273,0,0.33149408,74,60601,0,1.545734051,1300,14,0,2,0,0
104287,0,0.309334434,72,60601,0,0.220661747,4200,9,0,0,0,1
104302,0,0.001426534,44,60601,1,1013,,5,0,1,0,0
104320,0,0.120522087,60,60601,0,0.266088465,5764,5,0,1,0,0
104325,0,0.998132974,35,60601,0,0.134527509,5470,7,0,0,0,4
104328,0,0,43,60601,0,0.155131776,14000,7,0,2,0,2
104332,0,0.595706857,42,60601,0,0.354293967,9000,9,0,2,0,3
104348,0,0.434117176,57,60601,0,0.358571048,3750,16,0,0,0,0
104354,0,0.071040187,71,60601,0,0.438033743,4800,11,0,2,0,0
104355,0,0.464881886,47,60601,0,4015,,16,0,1,0,0
104377,0,0.045673858,89,60601,0,0.085731729,11465,7,0,1,0,0
104384,0,0.256357318,45,60601,0,0.324941975,5600,7,0,1,0,0
104393,0,0.000244467,51,60601,0,0.252217006,3833,10,0,1,0,1
104402,0,0.588243085,70,60601,0,0.399504369,15333,8,0,1,0,0
104411,0,0.088063527,59,60601,0,0.736928552,3652,12,0,1,0,2
104421,0,0.040166244,68,60601,1,0.476891153,5300,10,0,2,0,0
104435,0,0.090969694,43,60601,0,0.131527778,7199,5,0,0,0,3
104449,0,0.254727859,52,60601,0,0.16720632,7720,11,0,0,0,0
104456,0,0.055568277,28,60601,0,0.005859375,3583,3,0,0,0,0
104466,0,0.022493581,47,60601,0,2412,,10,0,2,0,
104477,0,0.200162706,42,60601,0,1847,,3,0,1,0,0
104488,0,0.242927771,32,60601,0,0.55009373,4800,11,0,1,0,1
104491,0,0.21559384,32,60601,0,225,,5,0,0,0,
104500,0,0.682810493,57,60601,2,0.14396161,3750,7,1,0,1,0
104505,0,0.010650145,44,60601,0,1599,,18,0,1,0,0
104520,0,0.9999999,29,60601,0,0,1650,0,0,0,0,1
104541,0,0.00769923,65,60601,0,0.779036827,6000,5,0,2,0,0
104546,0,0.02079936,38,60601,0,0.521863506,7340,8,0,2,0,0
104547,0,0.162915064,73,60601,1,0.381340244,2700,12,0,0,0,1
104549,0,0.676058898,55,60601,0,0.110889111,1000,3,0,0,0,0
104562,0,0.055820006,70,60601,0,0.009172559,5232,4,0,0,0,0
104567,0,0.119241342,59,60601,0,0.032706321,5900,16,0,0,0,0
104590,0,0.369655694,28,60601,0,0.196850394,2666,4,0,0,0,0
104600,0,0.1628679,42,60601,0,1147,,8,0,1,0,2
104609,0,0.013682105,47,60601,0,12,,3,0,0,0,
104610,0,0.010396802,61,60601,0,0.0029521,10500,20,0,0,0,0
104613,0,0.021182398,53,60601,0,0.420825017,9017,14,0,3,0,1
104620,0,0,38,60601,0,0.014237722,6250,4,2,0,0,0
104625,0,0.044059303,80,60601,0,0.01599543,3500,8,0,0,0,0
104629,0,0.011784253,88,60601,0,0.001833028,6000,5,0,0,0,1
104644,0,0.202107993,50,60601,0,0.289828023,7500,18,0,1,0,3
104656,0,0.00787308,73,60601,0,0.182237601,2600,9,0,0,0,0
104688,0,0.196386409,52,60601,0,0.655641874,13000,12,0,2,0,1
104702,0,0.094139597,66,60601,0,0.145537003,4850,15,0,1,0,0
104722,0,0,48,60601,0,0.293305399,10500,7,0,2,0,0
104723,0,0.128067872,39,60601,0,1541,,10,0,1,0,0
104731,0,0,75,60601,0,3,,8,0,0,0,
104733,0,0.040273312,44,60601,0,0.270497267,7500,14,0,2,0,3
104744,0,0.585120744,64,60601,0,0.311426234,11000,9,0,1,0,1
104751,0,0.754638977,41,60601,0,0.177470422,6000,8,0,0,0,0
104761,0,0.179117577,82,60601,0,0.291961072,7500,11,0,1,0,0
104764,0,0.574890027,55,60601,0,0.384903205,6146,9,0,1,0,1
104765,0,0.881424191,68,60601,0,0.423910663,4566,8,0,1,0,0
104782,0,0.069412621,62,60601,0,0.049992425,6600,8,0,1,0,2
104783,0,0,54,60601,0,0.448984148,8957,17,0,3,0,1
104784,0,0.021422867,49,60601,1,0.204079592,10000,8,0,2,0,3
104793,0,0.168734938,47,60601,0,0.086142802,7800,4,0,1,0,2
104799,0,0.047246669,37,60601,0,316,0,5,0,0,0,0
104811,0,0.45622054,58,60601,0,0.333252799,12416,9,0,1,0,0
104814,0,0.320413658,63,60601,0,3388,,12,0,2,0,0
104819,0,0.006928448,69,60601,0,0.300792577,10345,14,0,2,0,1
104822,0,0.037384882,85,60601,0,1114,,5,0,1,0,0
104823,0,0.383070476,69,60601,0,0.376281483,7900,8,0,1,0,4
104838,0,0.636393047,42,60601,0,0.21630574,32000,6,0,3,0,5
104841,0,0.040327392,55,60601,0,0.290016469,12750,18,0,2,0,0
104848,0,0.0039999,65,60601,0,0.000490617,8152,8,0,0,0,0
104851,0,0.08571746,48,60601,1,0.012102078,3800,2,0,0,0,0
104856,0,0.127197876,48,60601,0,0.279265493,2613,10,0,0,0,2
104863,0,0.01603299,46,60601,0,0.342255038,6500,15,0,2,0,0
104869,0,0.9999999,33,60601,0,4,,0,0,0,0,0
104870,0,0.186490675,55,60601,0,2348,,8,0,1,0,1
104885,0,0.035487547,47,60601,0,0.171367113,4183,13,0,1,0,1
104887,0,0,38,60601,0,0.475522081,2920,5,0,1,0,0
104888,0,0.012639466,84,60601,0,0.00339966,10000,9,0,0,0,0
104892,0,0.919971251,48,60601,1,0.384273772,11483,11,0,1,0,0
104908,0,0.222446086,34,60601,0,0.162852699,4500,6,0,0,0,1
104914,0,0.022476549,65,60601,0,0.00579884,5000,3,0,0,0,0
104924,0,0.371739754,58,60601,0,0.080833865,4700,8,0,0,0,0
104942,0,0.202225205,57,60601,1,0.34225011,9083,11,0,1,0,2
104957,0,0,51,60601,0,0,7292,1,0,0,0,4
104966,0,0.384249697,65,60601,1,4534,,11,0,2,1,0
104988,0,0,54,60601,0,0.354065579,6800,8,0,2,0,0
105010,0,0.018514157,29,60601,0,1469,,7,0,2,0,0
105017,0,0.02514298,80,60601,0,0.007794232,2565,3,0,0,0,0
105054,0,1924,47,60601,0,0.519247723,10208,11,0,3,0,0
105060,0,0.31374534,51,60601,0,0.141880591,13750,6,0,1,0,4
105061,0,0.860376664,49,60601,0,0.288785202,6000,9,0,2,1,2
105072,0,0.9999999,86,60601,0,0,,4,0,0,0,
105075,0,0.241461488,41,60601,0,1.026594681,5000,19,0,1,0,3
105097,0,0.045631156,52,60601,1,0.466061022,5833,12,0,2,0,0
105105,0,0.558110472,42,60601,0,0.038080334,3833,4,0,0,0,4
105108,0,0,54,60601,0,2098,,5,0,1,0,0
105115,0,0.008105938,66,60601,0,0.202874401,4800,15,0,1,0,0
105124,0,0.047779227,27,60601,0,0.027885863,4625,8,0,0,0,0
105138,0,0.9999999,92,60601,0,67,,0,0,0,0,0
105139,0,0.586299279,57,60601,0,3550,,21,0,2,0,0
105142,0,0,35,60601,0,0.963318478,2916,4,0,1,0,1
105154,0,1.073654391,32,60601,0,0.156718702,9800,5,0,0,0,2
105156,0,0.995668111,66,60601,0,0.402128918,1690,3,0,0,0,0
105161,0,0.042350918,60,60601,0,1.060560933,4028,13,0,3,0,0
105162,0,0.920594116,67,60601,1,0.114392002,4300,3,0,0,1,2
105168,0,0.193549073,54,60601,0,0.528481748,4300,11,0,2,0,2
105173,0,0.041741007,50,60601,0,0.06111736,8000,4,0,1,0,2
105180,0,0.258039136,38,60601,1,0.060384263,7650,12,0,0,0,1
105183,0,0.442254275,31,60601,0,0.1825054,8333,6,0,1,0,0
105195,0,0.067875417,50,60601,0,5496,,9,0,2,0,2
105196,0,0.461363986,40,60601,0,0.230451656,12110,15,0,0,0,3
105198,0,0.378981051,63,60601,0,3892,,6,0,1,0,0
105206,0,0,65,60601,0,0,9538,4,0,0,0,0
105215,0,0.9999999,48,60601,1,0,6000,0,3,0,0,3
105218,0,0.402879911,54,60601,0,2363,,4,0,1,0,0
105237,0,0.046664781,54,60601,0,0.276477588,10083,8,0,1,0,0
105242,0,0.022497953,72,60601,0,0.191548278,8305,9,0,1,0,1
105248,0,0.066759555,72,60601,0,5149,,6,0,3,0,0
105284,0,0.442967181,66,60601,0,0.542234073,10500,21,0,3,0,0
105285,0,0.495647005,38,60601,0,0.122030238,8333,7,0,0,0,0
105297,0,0.045562197,67,60601,0,3995,,4,0,1,0,1
105307,0,0.066811788,82,60601,0,0.045105566,2083,10,0,0,0,0
105319,0,0.143696805,40,60601,1,0.514138817,3500,5,0,1,0,0
105327,0,0.000509251,71,60601,0,0.000620379,19342,4,0,0,0,1
105347,0,0.515798736,66,60601,0,0.681442851,2300,4,0,1,0,0
105356,0,0.033120673,38,60601,0,0.374638253,3800,8,0,1,0,1
105360,0,0.033118418,67,60601,0,0.515476682,7268,10,0,3,0,0
105365,0,0.035362157,80,60601,0,0.158056659,7800,17,0,1,0,1
105366,0,0.194263535,35,60601,0,0.088424794,4500,3,0,0,0,0
105370,0,0.08665725,76,60601,0,0.201627637,6020,6,0,1,0,1
105378,0,0.66370612,39,60601,0,0.05714782,5756,3,0,0,0,1
105380,0,0.153073336,69,60601,0,0.40611844,10688,13,0,2,0,0
105399,0,0.706152217,48,60601,0,0.079229915,2700,2,0,0,0,3
105400,0,0.065514016,56,60601,0,866,,5,0,1,0,0
105416,0,0.07741732,54,60601,0,0.326499784,4633,12,0,1,0,0
105432,0,0.014457031,58,60601,0,0.299579398,12600,10,0,3,0,3
105438,0,0,56,60601,0,0.516204661,7250,10,0,4,0,0
105449,0,0.013010944,81,60601,0,21,,6,0,0,0,1
105452,0,0.02418244,39,60601,0,0.028415091,10416,2,0,0,0,0
105455,0,1.064479638,44,60601,3,0.089082184,3333,8,0,0,0,1
105476,0,0.068114173,42,60601,0,1910,,9,0,2,0,1
105478,0,0.889204162,35,60601,0,0.251021049,6365,7,0,0,0,0
105480,0,0.112468033,63,60601,0,116,,8,0,0,0,0
105494,0,0.019115877,69,60601,0,0.415116279,6019,14,0,1,0,0
105501,0,0.35697586,63,60601,0,0.097504502,3886,6,0,0,0,0
105512,0,0.167869959,80,60601,0,10.68761996,2083,17,0,2,0,0
105523,0,0.461370205,29,60601,0,0.15389276,3300,3,0,0,0,0
105526,0,0.009186926,73,60601,0,0.00099975,4000,2,0,0,0,0
105527,0,0,49,60601,0,0.395476233,5658,9,0,2,0,0
105544,0,0.026984885,87,60601,0,0.007997334,3000,15,0,0,0,0
105549,0,0.102463725,77,60601,0,0.019215156,3694,2,0,0,0,0
105552,0,0,39,60601,0,0.482724142,9000,6,0,2,0,2
105559,0,0.02465853,41,60601,0,0.722162308,7417,16,0,1,0,2
105563,0,0.007440406,53,60601,0,1325,,5,0,1,0,
105564,0,0.06964165,73,60601,0,0.006080876,9866,5,0,0,0,0
105574,0,0.083147809,47,60601,0,0.128316846,28000,6,0,1,0,2
105580,0,0.356869547,33,60601,0,0.466912809,3520,7,0,1,0,0
105584,0,0.137422389,49,60601,0,0.385247944,4012,15,0,2,0,1
105587,0,0.485606046,32,60601,0,0.463261342,8750,10,0,2,0,0
105614,0,0.06551757,69,60601,2,0.054301963,5450,4,0,1,0,0
105627,0,0.261058791,40,60601,0,0.217632209,30500,11,0,2,0,3
105632,0,0.165378004,75,60601,0,0.183410362,4110,14,0,0,0,0
105647,0,0.850574713,37,60601,0,0.008791588,5800,1,0,0,0,1
105650,0,0,36,60601,0,0.768672442,4270,3,0,1,0,1
105684,0,0.376831422,30,60601,0,0.49077564,5040,15,0,2,0,0
105693,0,0.606039995,38,60601,2,0.344933921,2269,9,0,0,1,1
105714,0,0.049580399,56,60601,0,2485,,12,0,2,0,0
105716,0,0.938123752,32,60601,0,0.630517024,792,3,0,0,0,1
105741,0,0,66,60601,0,20,,5,0,1,0,0
105772,0,0.008448278,61,60601,0,0.128869013,8496,8,0,2,0,1
105792,0,0.064989168,40,60601,0,0.145468109,2680,4,0,0,0,3
105807,0,0.449882122,70,60601,0,2117,,12,0,1,0,1
105811,0,0.062729151,27,60601,0,0.196251952,1920,4,0,0,0,0
105828,0,0.574379983,31,60601,0,0.100315183,9200,7,0,0,0,2
105832,0,0.003499284,52,60601,0,0.490397264,3800,16,0,1,0,1
105835,0,0.088586929,60,60601,1,0.357791109,6500,12,0,1,0,0
105839,0,0.18441734,57,60601,0,0.620459847,3000,7,0,2,0,0
105858,0,0.314685315,25,60601,0,0.010055866,894,1,0,0,0,0
105878,0,0.289311281,54,60601,0,0.137577556,3706,7,0,0,0,2
105884,0,0.9999999,68,60601,0,577,,1,0,0,0,0
105886,0,0.019249313,65,60601,0,0.006397441,2500,5,0,0,0,0
105894,0,0.182239587,51,60601,0,0.465585969,3762,9,0,2,0,0
105905,0,0.02780653,72,60601,0,0.252587371,13333,11,0,3,0,1
105914,0,0.658039032,60,60601,0,0.307669233,10000,8,0,1,0,0
105925,0,0.07294961,41,60601,0,0.301751094,6395,3,0,1,0,2
105930,0,0.81414291,25,60601,1,0.155046826,960,7,0,0,0,0
105940,0,0.110837628,39,60601,0,0.318437603,9062,5,0,1,0,3
105942,0,0,45,60601,0,0.356525912,2083,4,0,0,0,1
105945,0,0.9999999,34,60601,1,0,3500,0,0,0,0,1
105954,0,0.028470994,47,60601,1,1729,0,7,0,1,0,0
105957,0,0.890261494,52,60601,0,0.506447453,15509,9,0,2,0,0
105961,0,0.2878312,54,60601,0,0.650564151,14800,9,0,3,0,3
105964,0,0.047612362,54,60601,0,2899,,12,0,2,0,0
105973,0,0.089886069,54,60601,0,0.17147761,6408,9,0,1,0,0
105978,0,0.177793645,29,60601,2,0.090646523,4500,3,0,0,0,3
105979,0,0.002307337,65,60601,0,0.369986357,7329,8,0,1,0,0
105989,0,0.066525051,55,60601,0,0.227361819,2550,6,0,0,0,0
105992,0,0.03219908,73,60601,0,33,0,4,0,0,0,0
106000,0,0.055431445,43,60601,0,0.370022908,9166,17,0,1,0,3
106004,0,0.211010509,53,60601,0,0.270392749,6619,4,0,2,0,1
106010,0,0.428601187,30,60601,0,487,,8,0,0,0,0
106030,0,0.090613886,45,60601,0,0.254485202,8750,7,0,3,0,4
106039,0,0.003124721,47,60601,1,0.274306012,7600,7,0,1,2,0
106043,0,0.156777014,25,60601,0,0.073094868,4500,2,0,0,0,0
106057,0,0.078320054,37,60601,0,0.40918494,7250,11,0,2,0,0
106066,0,0.158052622,55,60601,0,0.27785841,6200,3,0,1,0,0
106078,0,0.9999999,26,60601,0,0.188913525,2254,1,0,0,0,0
106098,0,0.739646497,45,60601,0,0.178364327,5000,5,0,1,0,0
106099,0,0.929010141,69,60601,0,0.469765117,2000,7,0,0,0,0
106116,0,0.339207992,56,60601,1,0.389574028,15000,16,0,3,0,2
106124,0,0.413927088,61,60601,0,0.06274453,6900,5,1,0,0,1
106126,0,0.648588162,40,60601,0,0.340443259,6000,5,0,1,0,0
106131,0,0.116246951,53,60601,0,0.347930414,5000,9,0,1,0,0
106133,0,0.580427447,47,60601,0,0.398176292,9540,6,0,1,0,3
106147,0,0.713406819,50,60601,0,0.637382075,1695,10,1,0,0,0
106171,0,0.282341869,39,60601,0,0.584690089,3500,11,0,1,0,1
106176,0,0.014240267,33,60601,1,0.065624432,5500,5,0,0,0,1
106181,0,0.3998001,62,60601,0,0.31893347,7800,14,0,2,0,1
106196,0,0.244638086,45,60601,1,0.262105414,7000,11,0,2,0,2
106206,0,0.064671852,34,60601,0,0.438624827,4333,6,0,1,0,1
106209,0,0.304567855,44,60601,0,0.649848638,3963,10,0,1,0,2
106231,0,0.925339555,53,60601,0,0.068613723,4998,4,0,0,0,0
106234,0,0.120481928,59,60601,0,0.17279543,2800,7,0,0,0,1
106247,0,0.266362977,67,60601,0,0.258174183,10000,15,0,1,0,0
106251,0,0.010317713,79,60601,0,0.000844951,7100,2,0,0,0,1
106269,0,0.658628397,26,60601,2,0.169182717,1920,6,0,0,0,0
106274,0,0.004092833,64,60601,0,0.30748714,5248,8,0,2,0,0
106278,0,0.055803855,51,60601,0,0.294856411,12500,14,0,2,0,0
106294,0,0.205307513,57,60601,0,1742,,9,0,1,0,1
106295,0,0.140751057,51,60601,0,0.568729904,2487,10,0,0,0,1
106302,0,0.074893327,61,60601,0,0.09602649,4831,6,0,0,0,0
106306,0,0.014732842,36,60601,0,0.023690773,4811,6,0,0,0,0
106314,0,0.644397411,33,60601,0,1950,,13,0,1,0,0
106317,0,0.045523862,64,60601,0,0.227388716,7053,5,0,2,0,0
106325,0,0.9999999,57,60601,0,0.163683724,11900,2,0,1,0,0
106351,0,0.158213906,66,60601,0,0.717570607,4000,12,0,1,0,0
106352,0,0.72185511,71,60601,0,0.238728935,16080,12,0,3,0,0
106358,0,0,63,60601,0,0.247414784,2610,12,0,0,0,0
106361,0,0.9999999,35,60601,0,0.696737044,4167,6,0,1,0,2
106386,0,0.018380724,42,60601,1,0.463795187,9100,12,0,2,0,1
106389,0,0.178937951,48,60601,0,0.333904599,3500,5,0,1,0,2
106397,0,0.028208113,62,60601,0,0.009029345,3100,6,0,0,0,0
106403,0,0.627771498,35,60601,2,0.532627866,1700,6,0,1,0,0
106404,0,0.318458798,29,60601,0,1.31984008,2000,12,0,1,0,2
106405,0,0.000241284,70,60601,0,0.311242148,7800,15,0,2,0,0
106411,0,0.002420968,66,60601,0,0.066394688,12500,4,0,1,0,0
106414,0,1.008907471,49,60601,0,0.154613774,16233,7,0,1,0,3
106415,0,0.004968712,49,60601,0,0.55129731,4200,17,0,2,0,0
106444,0,0.9999999,60,60601,0,0.372321854,6300,4,0,2,1,1
106465,0,0.042348941,62,60601,0,0.988007995,1500,7,0,2,0,0
106469,0,0.67373293,39,60601,0,0.177071064,7640,10,0,1,0,3
106476,0,0.075006541,60,60601,0,1060,,9,0,1,0,0
106478,0,0.047847608,65,60601,0,0.007360673,3803,2,0,0,0,0
106480,0,0.00813342,66,60601,0,0.227846519,8000,17,0,1,0,0
106487,0,0.018539928,81,60601,0,0.151369726,5000,29,0,1,0,1
106492,0,0.035721674,45,60601,0,0.354548484,3000,8,0,1,0,2
106494,0,0.005463591,76,60601,0,0.480049052,10600,10,0,2,0,0
106504,0,0.407059649,38,60601,0,0.247861725,5611,15,0,0,0,0
106507,0,0.826781688,56,60601,0,427,,12,4,0,0,0
106515,0,0.131391241,56,60601,1,0.003428376,17500,3,0,0,0,3
106519,0,0.489629024,51,60601,2,0.459450779,6226,8,0,2,0,3
106522,0,0.14839152,61,60601,0,77,,4,0,0,0,0
106526,0,0.9999999,34,60601,0,0.671938915,3666,4,0,2,0,0
106529,0,0.07511252,68,60601,0,0.554709075,10500,20,0,3,0,0
106536,0,0,89,60601,0,0,,8,0,0,0,0
106544,0,0.036065464,65,60601,0,0.813329312,3315,8,0,1,0,0
106547,0,0.9999999,41,60601,0,0.327766921,5628,4,0,1,0,1
106549,0,0.094310412,47,60601,2,0.619645917,1750,3,0,1,0,2
106558,0,0.961115912,48,60601,0,0.747000522,3833,7,0,1,0,0
106560,0,0.028429894,74,60601,0,0.013486513,2001,5,0,0,0,0
106562,0,0.447535692,80,60601,0,0.166943246,6025,6,0,1,0,0
106563,0,0.185119207,39,60601,0,0.723046092,4989,11,0,1,0,2
106588,0,0,58,60601,0,0.243441267,4230,12,0,2,0,1
106602,0,0.001269019,57,60601,0,1528,,13,0,1,0,0
106605,0,0.758484609,55,60601,0,0.105716523,1276,2,0,0,0,0
106613,0,0.045954046,32,60601,0,0.002493766,400,1,0,0,0,0
106631,0,0.346826127,56,60601,0,0.213794633,9017,7,0,1,0,0
106634,0,0.289618672,46,60601,1,0.468723222,3500,8,0,1,0,2
106659,0,0.901232074,68,60601,0,133,,1,0,0,0,0
106661,0,1.010332644,55,60601,0,0.280302189,9000,15,0,1,0,1
106723,0,0.9999999,26,60601,0,0,1083,0,0,0,0,0
106765,0,0.860627874,52,60601,0,129,,1,0,0,0,0
106776,0,0.089503963,52,60601,0,0.616894706,5042,12,0,1,0,0
106784,0,0.529908855,46,60601,0,0.229471316,8000,7,0,0,0,2
106792,0,0.003942511,63,60601,0,0.117919487,2806,8,0,0,0,0
106806,0,0.11794331,67,60601,0,1371,,7,0,1,0,0
106828,0,0.078214153,41,60601,0,0.83060426,6900,6,0,1,0,3
106831,0,0.028736572,54,60601,0,0.183726585,29200,11,0,3,0,2
106840,0,0,74,60601,0,0.546846665,4962,10,0,2,0,1
106842,0,0,36,60601,0,0.787586739,5187,7,0,2,0,0
106870,0,0.000634688,73,60601,0,1874,,12,0,1,0,
106887,0,0.910591366,43,60601,4,1.022866128,22259,16,3,9,1,0
106901,0,0.164380522,77,60601,0,0.07467656,21023,11,0,0,0,0
106903,0,0,50,60601,0,2432,,13,0,1,0,0
106918,0,0.18750299,61,60601,0,0.019496751,6000,3,0,0,0,0
106927,0,0.022777272,50,60601,0,0.257380457,7214,6,0,1,0,0
106928,0,0.358508323,72,60601,0,0.030328279,6000,4,0,0,0,1
106929,0,0.008233059,34,60601,0,0.340627491,13800,4,0,2,0,0
106930,0,0,62,60601,0,1580,,7,0,1,0,0
106934,0,0.120606097,57,60601,0,0.332904701,6998,28,0,2,0,1
106955,0,0.919755671,54,60601,0,2974,,7,0,1,0,0
106967,0,0.898550725,47,60601,0,1127,,2,0,1,0,0
107017,0,0.003237941,80,60601,0,59,,9,0,0,0,0
107024,0,0.066207509,41,60601,0,0.077813309,6566,10,0,0,0,3
107038,0,0.9999999,55,60601,0,0.222989439,2461,1,0,0,0,0
107042,0,0.248525049,40,60601,0,0.598673824,3166,6,0,2,0,0
107043,0,0.006999417,24,60601,0,2,0,4,0,0,0,0
107060,0,0.806772252,39,60601,0,0.909515081,6000,10,0,1,0,2
107061,0,1.012532498,52,60601,0,0.561471926,20000,8,0,4,0,0
107066,0,0.011257685,42,60601,1,0.351699534,10090,12,0,2,0,2
107081,0,0.040165692,61,60601,0,0.422066688,12715,17,0,3,0,1
107083,0,0.335396493,42,60601,2,0.406289765,5500,9,0,1,0,4
107086,0,0.936224834,44,60601,0,2839,,5,0,1,0,0
107106,0,0.756749036,38,60601,3,0.210675875,27800,13,3,2,5,2
107108,0,0.379219894,58,60601,0,0.494703942,5758,17,0,2,0,0
107125,0,0.97160284,40,60601,0,0.059375638,4900,2,0,0,0,2
107129,0,0.144441414,31,60601,0,0.531604813,5900,3,0,2,0,0
107131,0,0.136372725,72,60601,0,0.003703018,5400,3,0,0,0,0
107145,0,0.564424573,53,60601,0,0.152935948,18000,12,0,0,0,0
107153,0,0.024421215,61,60601,0,0.005119181,6250,5,0,0,0,0
107170,0,0.168329162,56,60601,0,4588,,9,0,2,0,0
107184,0,0.401936775,41,60601,0,0.958622605,3600,16,0,2,0,0
107192,0,0.412569773,60,60601,0,5828,,17,0,1,0,0
107194,0,0.9999999,74,60601,0,1281,,1,0,1,0,
107206,0,0,25,60601,0,0,5000,1,0,0,0,0
107211,0,0,63,60601,0,0,,7,0,0,0,0
107212,0,0.537532938,53,60601,0,0.446444059,4611,8,0,1,0,1
107226,0,0.286247606,58,60601,0,0.41350961,9000,12,0,4,0,0
107231,0,0,56,60601,0,5,,1,0,0,0,0
107245,0,0,62,60601,0,0.221194701,4000,12,0,0,0,0
107251,0,0.9999999,31,60601,0,366,,1,0,0,0,0
107254,0,0.9999999,42,60601,0,0.213310397,9300,4,0,2,0,0
107255,0,0.30432106,47,60601,0,0.389008879,8333,9,0,3,0,0
107271,0,0.030506931,52,60601,0,0.127838287,10833,13,0,0,0,2
107283,0,1.066386723,47,60601,0,0.15502602,3650,3,0,0,0,2
107304,0,0.12905524,33,60601,0,0.704900377,1856,10,0,0,0,2
107306,0,0.199977921,44,60601,0,0.934162556,4662,23,0,1,0,2
107318,0,0.183565938,56,60601,0,2859,,18,0,1,0,1
107345,0,0.024848953,58,60601,0,0.203979602,10000,9,0,1,0,1
107351,0,0.9999999,40,60601,0,0.286100351,11100,6,0,2,0,2
107357,0,0.227916353,54,60601,0,0.296078214,9000,11,0,1,0,3
107363,0,0.983446769,62,60601,1,0.271049596,2600,5,1,0,0,1
107371,0,0,76,60601,0,0.498456109,6800,9,0,1,0,0
107377,0,0.006024343,50,60601,0,1.072154805,3048,13,0,1,0,2
107401,0,0.436060966,43,60601,0,0.091058785,6072,7,0,1,0,3
107412,0,0.378018,56,60601,0,1.177277179,6125,20,0,3,0,1
107414,0,0.002769178,55,60601,0,342,,3,0,1,0,
107431,0,0,39,60601,0,0.443280977,4583,6,0,1,0,1
107433,0,0.264441706,44,60601,0,0.590205061,9167,9,0,2,0,2
107434,0,0.002687165,70,60601,0,0.041805178,9926,11,0,0,0,0
107446,0,0.010420504,70,60601,0,5,,4,0,0,0,0
107466,0,0.012130614,67,60601,0,0.145699615,3115,10,0,1,0,0
107482,0,0.9999999,52,60601,0,0,4590,0,0,0,0,2
107496,0,0.07065396,68,60601,0,0.098985859,7000,9,0,0,0,0
107499,0,0.348070295,34,60601,1,0.476508121,3447,5,0,1,0,3
107505,0,0.204857791,63,60601,0,0.231314185,18208,5,0,1,0,0
107548,0,0.259640103,52,60601,2,0.050184363,16000,9,0,0,0,4
107557,0,0,87,60601,0,0,7143,5,0,0,0,0
107563,0,0.17291622,45,60601,0,576,,3,0,0,0,0
107595,0,0.065144929,70,60601,0,0.023992003,3000,4,0,0,0,2
107599,0,0.522791277,65,60601,0,0.320289698,9250,11,0,2,0,0
107601,0,0.9999999,67,60601,0,0.004181058,5500,3,0,0,0,0
107603,0,0.008801723,62,60601,0,0.108689131,10000,12,0,1,0,0
107604,0,0.095720699,65,60601,1,2225,,15,0,2,0,1
107608,0,0.744353643,54,60601,1,0.310362542,13625,12,0,2,0,1
107628,0,0.015374834,83,60601,0,619,,2,0,1,0,0
107632,0,0.043695643,58,60601,0,0.059818649,22166,8,0,0,0,2
107638,0,0.045240904,67,60601,0,0.025104857,16450,5,0,1,0,0
107651,0,0.936985991,45,60601,3,0.221567106,6444,18,0,0,0,0
107659,0,0.41292544,44,60601,0,0.441803433,5300,10,0,2,0,3
107663,0,0.069881178,72,60601,0,0.181171087,11800,12,0,2,0,1
107672,0,0.054087687,66,60601,0,72,,3,0,0,0,0
107674,0,0.9999999,51,60601,2,0.300708038,2400,3,0,0,1,0
107690,0,0.9999999,86,60601,0,0,,4,0,0,0,0
107697,0,1.009532698,44,60601,2,1916,,4,0,1,0,3
107704,0,0.001841944,86,60601,0,1,,6,0,0,0,
107744,0,0.218781219,25,60601,0,0.123211814,4333,2,0,0,0,0
107746,0,0.026802624,72,60601,0,0.176865046,3578,14,0,0,0,0
107770,0,0.956901437,51,60601,0,0.663496708,4100,11,0,2,0,0
107771,0,0.477304539,56,60601,0,0.220199601,12524,9,0,1,0,0
107783,0,0.250961515,81,60601,0,0.372930166,4166,12,0,1,0,0
107789,0,0.006069911,65,60601,0,0.311125916,1500,14,0,0,0,0
107807,0,0.035898898,29,60601,0,0.061802834,6633,6,0,0,0,2
107816,0,0.285727538,35,60601,1,0.478544647,7200,14,0,2,0,0
107832,0,0,38,60601,0,0.034477043,6032,5,0,0,0,1
107854,0,0.002132979,91,60601,0,0.001428435,10500,7,0,0,0,0
107869,0,0.995846473,30,60601,0,0.263984766,4200,8,0,0,0,2
107872,0,0.03033978,71,60601,0,0.004096362,10252,6,0,0,0,0
107873,0,0.57778201,46,60601,0,0.133483729,20833,8,1,2,0,2
107889,0,0.955751443,41,60601,0,0.583658699,10500,36,0,0,0,2
107897,0,0.027286894,64,60601,0,1173,,14,0,2,0,1
107907,0,0.9999999,62,60601,2,1076,,2,0,1,0,
107912,0,0.004251585,78,60601,0,0.002441532,7781,15,0,0,0,1
107917,0,0.528785831,62,60601,2,4181,,9,0,2,0,0
107928,0,0.40321925,28,60601,0,0.041294643,3583,2,0,0,0,0
107935,0,0.059867543,54,60601,0,1.323896753,1200,7,0,1,0,1
107938,0,0.715300618,33,60601,0,0.213364904,3800,6,0,0,0,1
107943,0,0.08323485,73,60601,0,0.027746532,8000,10,0,0,0,1
107946,0,0,47,60601,0,0.34047415,3500,5,0,1,0,2
107956,0,0.246476772,47,60601,0,0.4705513,7962,10,0,1,0,1
107957,0,0.029715258,36,60601,0,0.062553556,3500,6,0,0,1,0
107966,0,0.038685082,80,60601,0,18,,13,0,0,0,0
107971,0,0.12404307,56,60601,0,0.073662551,2429,8,0,0,0,0
107973,0,0.9999999,43,60601,0,0.039312039,17500,7,0,0,0,2
107977,0,0.01804768,32,60601,1,0.056100982,4990,8,0,0,0,3
107978,0,0.248427819,26,60601,0,0.197508076,6500,11,0,0,0,0
107979,0,0.01442623,78,60601,0,0.207156309,2654,14,0,1,0,0
107982,0,0.633323959,39,60601,0,0.330533893,5000,6,0,0,0,0
107991,0,0.007013187,64,60601,0,0.165752983,3100,8,0,1,0,0
108003,0,0.016426767,46,60601,0,2.160593792,740,15,0,2,0,2
108008,0,0,38,60601,0,0.362709153,15000,12,0,2,0,1
108023,0,0.01179941,83,60601,0,0.004372267,1600,2,0,0,0,0
108029,0,0.221120452,46,60601,0,0.316535223,7480,5,0,1,0,2
108030,0,0.019784965,48,60601,0,0.403066396,15783,21,0,6,0,1
108035,0,0.069216588,67,60601,0,0.024338173,4683,6,0,0,0,0
108041,0,0.003890716,50,60601,0,0.300466356,1500,11,0,0,0,0
108042,0,0.099112611,32,60601,0,0.857033051,1300,6,0,1,0,0
108050,0,1.101796407,33,60601,0,0.04736211,1667,3,0,0,0,0
108058,0,0.058538799,26,60601,0,0.128827267,1730,3,0,0,0,0
108064,0,0.055278188,58,60601,0,0.324130727,6700,13,0,1,0,2
108071,0,0.363384746,71,60601,1,0.159651669,6200,11,0,0,0,0
108073,0,0.004221988,45,60601,1,0.028508772,5471,4,0,0,2,0
108077,0,0.294514511,51,60601,0,0.147485251,10000,11,0,1,0,0
108111,0,0.07891181,61,60601,0,1303,,4,0,1,1,
108117,0,0.83025358,53,60601,0,0.457833253,6248,7,0,2,1,1
108119,0,0.437550799,46,60601,0,0.467253715,10901,11,0,3,0,3
108135,0,0.040254725,29,60601,0,0.168369519,4697,11,0,0,0,0
108153,0,0.209293207,31,60601,0,636,,10,0,0,0,0
108170,0,0.007124822,28,60601,0,0.037676986,4166,5,0,0,0,0
108174,0,0.550809589,45,60601,0,0.560803733,10500,11,0,2,0,1
108203,0,0,48,60601,0,1328,,3,0,2,0,0
108209,0,0.246590092,59,60601,0,0.093886771,28331,14,0,1,0,3
108221,0,0.963923015,41,60601,0,0.792949907,5389,13,0,1,0,0
108225,0,0.054852498,90,60601,0,0.006746692,11412,6,0,0,0,0
108226,0,0.000857125,34,60601,0,0.192005242,1525,6,0,0,0,0
108228,0,0.038149132,41,60601,0,0.677695787,4200,15,0,1,0,5
108231,0,0.080986184,62,60601,2,0.414100848,2240,9,0,1,0,0
108234,0,0.215853825,42,60601,0,2271,,6,0,1,0,0
108235,0,0.039305704,45,60601,0,2443,,7,0,1,0,0
108251,0,0.108529716,49,60601,0,0.23785081,15000,7,0,1,0,0
108259,0,0.581311306,25,60601,1,354,,8,0,0,0,0
108265,0,0.031298957,68,60601,0,0.291542826,3700,3,0,1,0,0
108285,0,0.661901573,36,60601,0,0.754748417,3000,8,0,1,0,0
108290,0,0,46,60601,0,189,,3,0,0,0,0
108310,0,0.083970333,51,60601,0,0.656357388,3200,11,0,1,0,0
108313,0,0.771030608,68,60601,0,0.175410995,75000,15,0,2,0,2
108315,0,0.9999999,63,60601,0,0.260434891,4000,8,0,1,0,1
108319,0,0.375203073,60,60601,1,0.151324162,16500,11,0,1,0,0
108322,0,0.25116392,47,60601,0,0.266678786,5500,9,0,2,0,2
108330,0,1.111788821,39,60601,1,1213,,4,0,1,0,0
108346,0,0.001733304,54,60601,0,1816,,11,0,2,0,1
108363,0,0.661284938,56,60601,1,0.619090258,5583,17,0,2,0,1
108367,0,0.988184989,46,60601,2,0.636918543,4750,7,0,1,1,1
108392,0,0.680828063,40,60601,0,0.172413793,6031,7,0,0,0,3
108404,0,0.490876087,46,60601,0,0.0968609,31250,5,0,2,0,0
108429,0,0.007033099,46,60601,0,0.369088812,2600,6,0,1,0,1
108435,0,0.379120663,45,60601,0,0.615264285,12145,18,0,11,0,0
108459,0,0.030279639,76,60601,0,0.009996002,2500,10,0,0,0,0
108469,0,0.182389578,30,60601,0,0.329882185,2800,4,0,0,0,0
108490,0,0.002851291,63,60601,0,0.19047619,4850,5,0,1,0,0
108523,0,0.048924443,67,60601,0,0.130455333,6346,9,0,1,0,0
108552,0,0.877387099,53,60601,0,0.480802792,3437,10,0,1,0,1
108556,0,0.438531193,47,60601,0,0.279136043,6666,9,0,0,0,3
108564,0,0.018347742,64,60601,0,0.009383172,6500,17,0,0,0,2
108571,0,0.105852004,60,60601,0,2682,,3,0,1,0,
108579,0,0.366789576,33,60601,0,2334,,4,0,2,0,0
108581,0,0.988007995,64,60601,0,1437,,4,0,1,0,1
108583,0,1.144427786,44,60601,0,0.426044604,3900,8,2,1,2,1
108596,0,0.446943876,32,60601,0,0.385742838,1500,6,0,0,0,2
108603,0,0.092624101,41,60601,2,0.392001666,4800,8,0,2,0,0
108604,0,0.9999999,58,60601,2,662,,4,0,0,1,0
108628,0,0,46,60601,0,1.012309207,2030,7,0,1,0,1
108654,0,0.039752121,38,60601,0,0.003928104,8400,8,0,0,0,1
108663,0,0.120419127,31,60601,0,0.456077703,7000,5,0,2,0,0
108671,0,0.672215523,37,60601,0,0.781826115,9166,9,0,2,0,0
108712,0,0.325938409,59,60601,0,0.931689437,3000,11,0,2,0,0
108718,0,0.176717266,69,60601,0,0.044398706,3400,8,0,0,0,1
108729,0,0.227150365,41,60601,0,0.105498836,5582,2,0,0,0,4
108735,0,0.215304416,61,60601,0,0.156780549,4770,7,0,0,0,1
108748,0,0.128924736,67,60601,0,0.39702942,3500,9,0,1,0,0
108760,0,0,32,60601,0,0.41517784,6100,11,0,2,0,1
108768,0,0.000240732,51,60601,0,0.33798694,8881,14,0,2,0,0
108775,0,0.228784113,59,60601,0,0.549964183,5583,19,0,2,0,0
108778,0,0.220236508,40,60601,0,0.306396384,7300,11,0,3,0,0
108792,0,0.034022846,56,60601,0,0.245936148,8550,24,0,3,0,0
108793,0,0.534036433,26,60601,0,0.055080722,2105,2,0,0,0,0
108796,0,0.021959122,82,60601,0,16,,5,0,0,0,0
108799,0,0.03986969,49,60601,0,0.197335554,6004,9,0,1,0,0
108817,0,0.028146063,57,60601,1,2016,,9,0,1,0,0
108821,0,0,41,60601,1,0.07625204,15933,10,0,0,0,2
108822,0,0.087260849,55,60601,0,0.203863691,8333,2,0,1,0,1
108832,0,0.014468866,68,60601,0,0.321397962,10500,13,0,2,0,0
108845,0,0.099313668,38,60601,0,3953,,3,0,1,0,
108863,0,0.000835146,62,60601,0,0.049130058,15000,6,0,1,0,2
108871,0,0,51,60601,0,0.224535734,3553,2,0,1,0,1